timestamp,latitude,longitude,zoom,image_path,image_description,image_prompt,image_model,text_description,text_prompt,text_model,danger
2026-03-11T23:16:28,38.7223,-9.1393,12,images/lat_38_7223_lon_m9_1393_zoom_12.png,"The image is a satellite view of a coastal area. The land cover is a mix of urban development and natural features. The urban development includes a grid of streets and buildings, with some areas showing dense construction and others with more open spaces. There are green areas that appear to be parks or gardens, interspersed with the urban areas. The coastline is visible with a body of water adjacent to the land, and there are no signs of smoke, fire, or pollution in the visible areas. The vegetation is sparse, with some patches of green indicating trees or shrubs. There are no visible signs of mining, flooding, erosion, or deforestation in the image. The water body is calm, and there are no visible signs of smoke or fire. The overall image suggests a well-developed coastal city with a mix of urban and natural environments.","Describe this satellite image in detail. Focus on visible land cover, vegetation, trees, bare soil, roads, urban development, water bodies, smoke, fire scars, mining, flooding, erosion, deforestation, pollution, or any other signs of environmental stress.
",llava,"1. Visible signs that may indicate environmental danger are not mentioned in the description.

2. Based on the description, the area does not appear to be at environmental risk, as there are no visible signs of pollution, mining, flooding, erosion, or deforestation.

 
N","You are assessing environmental risk from a satellite-image description. Based only on the description, answer: 1. What visible signs may indicate environmental danger? 2. Is the area potentially at environmental risk? 3. End your answer with exactly one final label on a new line:
   Y = at risk
   N = not clearly at risk
",llama3.2:3b,N
2026-03-11T23:49:38,38.7556,-9.2717,14,images/lat_38_7556_lon_m9_2717_zoom_14.png,"The image you've provided appears to be a satellite view of a landscape, possibly a region of interest for environmental analysis. Here's a detailed description based on the visible features:

1. **Vegetation**: The landscape is predominantly covered with green vegetation, indicating a healthy ecosystem. There are patches of bare soil, which could be indicative of agricultural activity or areas where vegetation has been cleared.

2. **Urban Development**: There are several areas of urban development visible. These are characterized by the presence of roads, buildings, and other infrastructure. The roads are typically straight and run parallel to each other, suggesting a planned urban layout.

3. **Water Bodies**: There are a few water bodies visible, which could be rivers, lakes, or other water features. These bodies of water are surrounded by greenery, indicating a healthy ecosystem.

4. **Trees**: There are numerous trees scattered throughout the landscape. These trees are likely part of the natural vegetation and contribute to the overall green cover of the area.

5. **Bare Soil**: There are patches of bare soil, which could be indicative of agricultural activity or areas where vegetation has been cleared.

6. **Roads**: The roads are typically straight and run parallel to each other, suggesting a planned urban layout.

7. **Urban Development**: There are several areas of urban development visible. These are characterized by the presence of buildings, roads, and other infrastructure.

8. **Water Bodies**: There are a few water bodies visible, which could be rivers, lakes, or other water features. These bodies of water are surrounded by greenery, indicating a healthy ecosystem.

9. **Trees**: There are numerous trees scattered throughout the landscape. These trees are likely part of the natural vegetation and contribute to the overall green cover of the area.

10. **Bare Soil**: There are patches of bare soil, which could be indicative of agricultural activity or areas where vegetation has been cleared.

11. **Roads**: The roads are typically straight and run parallel to each other, suggesting a planned urban layout.

12. **Urban Development**: There are several areas of urban development visible. These are characterized by the presence of buildings, roads, and other infrastructure.

13. **Water Bodies**: There are a few water bodies visible, which could be rivers, lakes, or other water features. These bodies of water are surrounded by greenery, indicating a healthy ecosystem.

14. **Trees**: There are numerous trees scattered throughout the landscape. These trees are likely part of the natural vegetation and contribute to the overall green cover of the area.

15. **Bare Soil**: There are patches of bare soil, which could be indicative of agricultural activity or areas where vegetation has been cleared.

16. **Roads**: The roads are typically straight and run parallel to each other, suggesting a planned urban layout.

17. **Urban Development**: There are several areas of urban development visible. These are characterized by the presence of buildings, roads, and other infrastructure.

18. **Water Bodies**: There are a few water bodies visible, which could be rivers, lakes, or other water features. These bodies of water are surrounded by greenery, indicating a healthy ecosystem.

19. **Trees**: There are numerous trees scattered throughout the landscape. These trees are likely part of the natural vegetation and contribute to the overall green cover of the area.

20. **Bare Soil**: There are patches of bare soil, which could be indicative of agricultural activity or areas where vegetation has been cleared.

21. **Roads**: The roads are typically straight and run parallel to each other, suggesting a planned urban layout.

22. **Urban Development**: There are several areas of urban development visible. These are characterized by the presence of buildings, roads, and other infrastructure.

23. **Water Bodies**: There are a few water bodies visible, which could be rivers, lakes, or other water features. These bodies of water are surrounded by greenery, indicating a healthy ecosystem.

24. **Trees**: There are numerous trees scattered throughout the landscape. These trees are likely part of the natural vegetation and contribute to the overall green cover of the area.

25. **Bare Soil**: There are patches of bare soil, which could be indicative of agricultural activity or areas where vegetation has been cleared.

26. **Roads**: The roads are typically straight and run parallel to each other, suggesting a planned urban layout.

27. **Urban Development**: There are several areas of urban development visible. These are characterized by the presence of buildings, roads, and other infrastructure.

28. **Water Bodies**: There are a few water bodies visible, which could be rivers, lakes, or other water features. These bodies of water are surrounded by greenery, indicating a healthy ecosystem.

29. **Trees**: There are numerous trees scattered throughout the landscape. These trees are likely part of the natural vegetation and contribute to the overall green cover of the area.

30. **Bare Soil**: There are patches of bare soil, which could be indicative of agricultural activity or areas where vegetation has been cleared.

31. **Roads**: The roads are typically straight and run parallel to each other, suggesting a planned urban layout.

32. **Urban Development**: There are several areas of urban development visible. These are characterized by the presence of buildings, roads, and other infrastructure.

33. **Water Bodies**: There are a few water bodies visible, which could be rivers, lakes, or other water features. These bodies of water are surrounded by greenery, indicating a healthy ecosystem.

34. **Trees**: There are numerous trees scattered throughout the landscape. These trees are likely part of the natural vegetation and contribute to the overall green cover of the area.

35. **Bare Soil**: There are patches of bare soil, which could be indicative of agricultural activity or areas where vegetation has been cleared.

36. **Roads**: The roads are typically straight and run parallel to each other, suggesting a planned urban layout.

37. **Urban Development**: There are several areas of urban development visible. These are characterized by the presence of buildings, roads, and other infrastructure.

38. **Water Bodies**: There are a few water bodies visible, which could be rivers, lakes, or other water features. These bodies of water are surrounded by greenery, indicating a healthy ecosystem.

39. **Trees**: There are numerous trees scattered throughout the landscape. These trees are likely part of the natural vegetation and contribute to the overall green cover of the area.

40. **Bare Soil**: There are patches of bare soil, which could be indicative of agricultural activity or areas where vegetation has been cleared.

41. **Roads**: The roads are typically straight and run parallel to each other, suggesting a planned urban layout.

42. **Urban Development**: There are several areas of urban development visible. These are characterized by the presence of buildings, roads, and other infrastructure.

43. **Water Bodies**: There are a few water bodies visible, which could be rivers, lakes, or other water features. These bodies of water are surrounded by greenery, indicating a healthy ecosystem.

44. **Trees**: There are numerous trees scattered throughout the landscape. These trees are likely part of the natural vegetation and contribute to the overall green cover of the area.

45. **Bare Soil**: There are patches of bare soil, which could be indicative of agricultural activity or areas where vegetation has been cleared.

46. **Roads**: The roads are typically straight and run parallel to each other, suggesting a planned urban layout.

47. **Urban Development**: There are several areas of urban development visible. These are characterized by the presence of buildings, roads, and other infrastructure.

48. **Water Bodies**: There are a few water bodies visible, which could be rivers, lakes, or other water features. These bodies of water are surrounded by greenery, indicating a healthy ecosystem.

49. **Trees**: There are numerous trees scattered throughout the landscape. These trees are likely part of the natural vegetation and contribute to the overall green cover of the area.

50. **Bare Soil**: There are patches of bare soil, which could be indicative of agricultural activity or areas where vegetation has been cleared.

51. **Roads**: The roads are typically straight and run parallel to each other, suggesting a planned urban layout.

52. **Urban Development**: There are several areas of urban development visible. These are characterized by the presence of buildings, roads, and other infrastructure.

53. **Water Bodies**: There are a few water bodies visible, which could be rivers, lakes, or other water features. These bodies of water are surrounded by greenery, indicating a healthy ecosystem.

54. **Trees**: There are numerous trees scattered throughout the landscape. These trees are likely part of the natural vegetation and contribute to the overall green cover of the area.

55. **Bare Soil**: There are patches of bare soil, which could be indicative of agricultural activity or areas where vegetation has been cleared.

56. **Roads**: The roads are typically straight and run parallel to each other, suggesting a planned urban layout.

57. **Urban Development**: There are several areas of urban development visible. These are characterized by the presence of buildings, roads, and other infrastructure.

58. **Water Bodies**: There are a few water bodies visible, which could be rivers, lakes, or other water features. These bodies of water are surrounded by greenery, indicating a healthy ecosystem.

59. **Trees**: There are numerous trees scattered throughout the landscape. These trees are likely part of the natural vegetation and contribute to the overall green cover of the area.

60. **Bare Soil**: There are patches of bare soil, which could be indicative of agricultural activity or areas where vegetation has been cleared.

61. **Roads**: The roads are typically straight and run parallel to each other, suggesting a planned urban layout.

62. **Urban Development**: There are several areas of urban development visible. These are characterized by the presence of buildings, roads, and other infrastructure.

63. **Water Bodies**: There are a few water bodies visible, which could be rivers, lakes, or other water features. These bodies of water are surrounded by greenery, indicating a healthy ecosystem.

64. **Trees**: There are numerous trees scattered throughout the landscape. These trees are likely part of the natural vegetation and contribute to the overall green cover of the area.

65. **Bare Soil**: There are patches of bare soil, which could be indicative of agricultural activity or areas where vegetation has been cleared.

66. **Roads**: The roads are typically straight and run parallel to each other, suggesting a planned urban layout.

67. **Urban Development**: There are several areas of urban development visible. These are characterized by the presence of buildings, roads, and other infrastructure.

68. **Water Bodies**: There are a few water bodies visible, which could be rivers, lakes, or other water features. These bodies of water are surrounded by greenery, indicating a healthy ecosystem.

69. **Trees**: There are numerous trees scattered throughout the landscape. These trees are likely part of the natural vegetation and contribute to the overall green cover of the area.

70. **Bare Soil**: There are patches of bare soil, which could be indicative of agricultural activity or areas where vegetation has been cleared.

71. **Roads**: The roads are typically straight and run parallel to each other, suggesting a planned urban layout.

72. **Urban Development**: There are several areas of urban development visible. These are characterized by the presence of buildings, roads, and other infrastructure.

73. **Water Bodies**: There are a few water bodies visible, which could be rivers, lakes, or other water features. These bodies of water are surrounded by greenery, indicating a healthy ecosystem.

74. **Trees**: There are numerous trees scattered throughout the landscape. These trees are likely part of the natural vegetation and contribute to the overall green cover of the area.

75. **Bare Soil**: There are patches of bare soil, which could be indicative of agricultural activity or areas where vegetation has been cleared.

76. **Roads**: The roads are typically straight and run parallel to each other, suggesting a planned urban layout.

77. **Urban Development**: There are several areas of urban development visible. These are characterized by the presence of buildings, roads, and other infrastructure.

78. **Water Bodies**: There are a few water bodies visible, which could be rivers, lakes, or other water features. These bodies of water are surrounded by greenery, indicating a healthy ecosystem.

79. **Trees**: There are numerous trees scattered throughout the landscape. These trees are likely part of the natural vegetation and contribute to the overall green cover of the area.

80. **Bare Soil**: There are patches of bare soil, which could be indicative of agricultural activity or areas where vegetation has been cleared.

81. **Roads**: The roads are typically straight and run parallel to each other, suggesting a planned urban layout.

82. **Urban Development**: There are several areas of urban development visible. These are characterized by the presence of buildings, roads, and other infrastructure.

83. **Water Bodies**: There are a few water bodies visible, which could be rivers, lakes, or other water features. These bodies of water are surrounded by greenery, indicating a healthy ecosystem.

84. **Trees**: There are numerous trees scattered throughout the landscape. These trees are likely part of the natural vegetation and contribute to the overall green cover of the area.

85. **Bare Soil**: There are patches of bare soil, which could be indicative of agricultural activity or areas where vegetation has been cleared.

86. **Roads**: The roads are typically straight and run parallel to each other, suggesting a planned urban layout.

87. **Urban Development**: There are several areas of urban development visible. These are characterized by the presence of buildings, roads, and other infrastructure.

88. **Water Bodies**: There are a few water bodies visible, which could be rivers, lakes, or other water features. These bodies of water are surrounded by greenery, indicating a healthy ecosystem.

89. **Trees**: There are numerous trees scattered throughout the landscape. These trees are likely part of the natural vegetation and contribute to the overall green cover of the area.

90. **Bare Soil**: There are patches of bare soil, which could be indicative of agricultural activity or areas where vegetation has been cleared.

91. **Roads**: The roads are typically straight and run parallel to each other, suggesting a planned urban layout.

92. **Urban Development**: There are several areas of urban development visible. These are characterized by the presence of buildings, roads, and other infrastructure.

93. **Water Bodies**: There are a few water bodies visible, which could be rivers, lakes, or other water features. These bodies of water are surrounded by greenery, indicating a healthy ecosystem.

94. **Trees**: There are numerous trees scattered throughout the landscape. These trees are likely part of the natural vegetation and contribute to the overall green cover of the area.

95. **Bare Soil**: There are patches of bare soil, which could be indicative of agricultural activity or areas where vegetation has been cleared.

96. **Roads**: The roads are typically straight and run parallel to each other, suggesting a planned urban layout.

97. **Urban Development**: There are several areas of urban development visible. These are characterized by the presence of buildings, roads, and other infrastructure.

98. **Water Bodies**: There are a few water bodies visible, which could be rivers, lakes, or other water features. These bodies of water are surrounded by greenery, indicating a healthy ecosystem.

99. **Trees**: There are numerous trees scattered throughout the landscape. These trees are likely part of the natural vegetation and contribute to the overall green cover of the area.

100. **Bare Soil**: There are patches of bare soil, which could be indicative of agricultural activity or areas where vegetation has been cleared.","Describe this satellite image in detail. Focus on visible land cover, vegetation, trees, bare soil, roads, urban development, water bodies, smoke, fire scars, mining, flooding, erosion, deforestation, pollution, or any other signs of environmental stress.
",llava,"1. Visible signs that may indicate environmental danger include:
   - Patches of bare soil, which could be indicative of agricultural activity or areas where vegetation has been cleared.
   - Unusual or excessive levels of pollution, such as oil spills or chemical runoff.
   - Signs of deforestation or habitat destruction.
   - Abnormal water quality or unusual water features.
   - Presence of hazardous waste or toxic substances.

2. Based on the description, the area appears to be a planned urban landscape with a mix of natural and developed features. While there are some patches of bare soil, the overall landscape appears to be healthy and well-maintained. The presence of greenery, water bodies, and trees suggests a balanced ecosystem. However, without further information, it is difficult to determine if the area is at risk of environmental danger.

3. Y","You are assessing environmental risk from a satellite-image description. Based only on the description, answer: 1. What visible signs may indicate environmental danger? 2. Is the area potentially at environmental risk? 3. End your answer with exactly one final label on a new line:
   Y = at risk
   N = not clearly at risk
",llama3.2:3b,Y
2026-03-12T11:33:29,23.4162,25.6628,10,images/lat_23_4162_lon_25_6628_zoom_10.png,"The image you've provided appears to be a satellite image of a desert landscape. Here's a detailed description based on the visible elements:

1. **Land Cover**: The image shows a predominantly arid landscape with sparse vegetation. The terrain is characterized by sand dunes and rocky outcrops.

2. **Vegetation**: There are patches of vegetation scattered across the landscape, indicating the resilience of life in such harsh conditions.

3. **Bare Soil**: Large areas of the landscape are covered in bare soil, which is typical for desert environments.

4. **Roads and Urban Development**: There are no visible roads or urban development in this image. The landscape is untouched and natural.

5. **Water Bodies**: There are no visible water bodies in this image.

6. **Smoke, Fire Scars, Mining, Flooding, Erosion, Deforestation, Pollution, or Environmental Stress**: There are no signs of smoke, fire scars, mining, flooding, erosion, deforestation, pollution, or any other signs of environmental stress in this image.

7. **Trees**: There are no trees visible in this image.

8. **Bare Ground**: The ground is mostly bare, with only a few patches of vegetation.

9. **Rocky Outcrops**: There are several rocky outcrops scattered across the landscape, adding to the ruggedness of the terrain.

10. **Satellite Image Quality**: The image quality is clear, allowing for detailed observation of the landscape.

Please note that this description is based on the visible elements in the image and does not include any inferred or assumed information.","Describe this satellite image in detail. Focus on visible land cover, vegetation, trees, bare soil, roads, urban development, water bodies, smoke, fire scars, mining, flooding, erosion, deforestation, pollution, or any other signs of environmental stress.
",llava,"1. Visible signs that may indicate environmental danger are not present in this image, as there are no signs of pollution, environmental stress, or other hazards.

2. Based on the description, the area does not appear to be at environmental risk, as there are no visible signs of pollution, environmental stress, or other hazards.

Final Label: N","You are assessing environmental risk from a satellite-image description. Based only on the description, answer: 1. What visible signs may indicate environmental danger? 2. Is the area potentially at environmental risk? 3. End your answer with exactly one final label on a new line:
   Y = at risk
   N = not clearly at risk
",llama3.2:3b,Y
2026-03-12T14:34:37,48.8069,2.3511,12,images/lat_48_8069_lon_2_3511_zoom_12.png,"The image you've provided is a satellite view of an urban area, showing a mix of land cover types. The most prominent feature is the dense urban development, which includes a variety of buildings and infrastructure. There are roads and pathways that crisscross the area, indicating a well-developed transportation network.

The vegetation is sparse, with patches of green areas interspersed among the urban structures. These green spaces are likely parks or gardens, providing a contrast to the concrete and asphalt of the city.

There are no visible signs of deforestation, smoke, fire scars, mining, flooding, erosion, or deforestation in this image. The water bodies are not clearly distinguishable due to the resolution and angle of the satellite image.

The image does not show any signs of environmental stress such as pollution or bare soil, which could be indicative of urbanization and development. However, without more detailed information or a higher-resolution image, it's difficult to make definitive statements about the environmental health of the area.","Describe this satellite image in detail. Focus on visible land cover, vegetation, forest density, bare soil, roads, urban development, water bodies, smoke, fire scars, mining, flooding, erosion, deforestation, pollution, or any other signs of environmental stress.
",llava,"Based on the satellite-image description, visible signs that may indicate environmental danger include:

* Pollution (not visible in this image)
* Bare soil (not visible in this image)
* Deforestation (not visible in this image)
* Flooding or erosion (not visible in this image)
* Mining (not visible in this image)
* Fire scars (not visible in this image)

However, there are no visible signs of environmental danger in this image.

Given the lack of visible signs of environmental stress and the absence of indicators such as pollution, bare soil, or deforestation, it is difficult to conclude that the area is clearly at environmental risk.

Final label: N","You are assessing environmental risk from a satellite-image description. Based only on the description: 1. Briefly explain which visible signs may indicate environmental danger. 2. Decide whether the area is potentially at environmental risk. 3. End your answer with exactly one final label on a new line:
   Y = at risk
   N = not clearly at risk
",llama3.2:3b,Y
